State,City,Population,Portal_URL,Platform,Status,Notes,Last_Checked,Checkbox,Query_Where,BBox_WGS84
Massachusetts,Boston,650000,https://data.boston.gov/,Socrata,Research,"Official City of Boston Analyze Boston portal; parks entrances, park accessibility, park properties, and park features are priority targets.",2026-10-06,,,
Massachusetts,Boston,650000,https://bostonopendata-boston.opendata.arcgis.com/,ArcGIS,Research,"Official Boston geospatial open-data portal; GeoJSON, GeoService, KML, shapefile, and spreadsheet downloads are advertised.",2026-10-06,,,
Virginia,Loudoun County,430000,https://geohub-loudoungis.opendata.arcgis.com/search,ArcGIS,Research,"Official Loudoun County GIS GeoHub; county parks, trails, sidewalks, and crosswalks are relevant.",2026-10-06,,,
Virginia,Loudoun County,430000,https://geohub-loudoungis.opendata.arcgis.com/datasets/LoudounGIS::loudoun-sidewalks-trails/about,ArcGIS,Research,"Official Loudoun Sidewalks & Trails dataset candidate; SI_TYPE classes sidewalks, connectors, crosswalks, trails, footbridges, W&OD, and golf-cart paths.",2026-10-06,,,
Wisconsin,Madison,270000,https://data-cityofmadison.opendata.arcgis.com/,ArcGIS,Research,"Official City of Madison geospatial open-data portal; prioritize parks, trails, and pedestrian infrastructure.",2026-10-06,,,
Oregon,Eugene,180000,https://mapping.eugene-or.gov/search?collection=dataset&tags=parks%2520%2526%2520open%2520space,ArcGIS,Research,"Official Eugene Mapping Hub parks/open-space discovery catalogue.",2026-10-06,,,
Oregon,Eugene,180000,https://mapping.eugene-or.gov/search?groupIds=d6ad5aca43734743862e200cdc412ebd,ArcGIS,Research,"Official Eugene Parks and Open Space trail-system discovery lead; exact service endpoint pending.",2026-10-06,,,
Wisconsin,Milwaukee County,950000,https://data.county.milwaukee.gov/,Other,Research,"Official Milwaukee County Open Data Portal; county authority distinct from City of Milwaukee.",2026-10-06,,,
Wisconsin,Milwaukee County,950000,https://data-mclio.hub.arcgis.com/,ArcGIS,Research,"Official Milwaukee County Land Information Office GIS catalogue; older services may have moved to hosted layers.",2026-10-06,,,
Nevada,Las Vegas,660000,https://opendataportal-lasvegas.opendata.arcgis.com/,ArcGIS,Research,"Official City of Las Vegas Open Data portal.",2026-10-06,,,
Nevada,Las Vegas,660000,https://geocommons-lasvegas.opendata.arcgis.com/,ArcGIS,Research,"Official City of Las Vegas GeoCommons geospatial catalogue.",2026-10-06,,,
Rhode Island,Providence,190000,https://providence-gis-hub-pvdgis.hub.arcgis.com/,ArcGIS,Research,"Official Providence GIS Hub; includes downloadable GIS data, applications, maps, and Parks/Open Space Locator lead.",2026-10-06,,,
New Mexico,Santa Fe,90000,https://santafenm.gov/information-technology-telecommunications/gis,Other,Research,"Official City of Santa Fe GIS services and products landing page; machine-readable endpoint still needs resolution.",2026-10-06,,,
New Mexico,Santa Fe County,155000,https://www.santafecountynm.gov/growth-management/gis,Other,Research,"Official Santa Fe County GIS landing page; county open-data portal link requires endpoint resolution.",2026-10-06,,,
New Mexico,Santa Fe National Forest,0,https://www.fs.usda.gov/r03/santafe/data-tools/gis,Other,Research,"Official U.S. Forest Service Santa Fe National Forest GIS source; supplementary federal coverage, not city-owned.",2026-10-06,,,
North Carolina,Asheville,95000,https://gis.ashevillenc.gov/server/rest/services/Parks/ParksTrails/FeatureServer,ArcGIS,Research,"Official City of Asheville parks/trails FeatureServer; direct walking-relevant service confirmed.",2026-10-06,,,
South Carolina,Charleston,155000,https://gis.charleston-sc.gov/external/open-data/,Other,Research,"Official City of Charleston GIS data inventory and open-data access page confirmed.",2026-10-06,,,
Connecticut,Hartford,120000,https://open-data-hartford-hartfordgis.hub.arcgis.com/,ArcGIS,Research,"Official Open Data Hartford hub confirmed; includes GIS data and Hartford's Black Heroes Trail.",2026-10-06,,,
Florida,Miami,450000,https://gis.miami.gov/gisapps/,ArcGIS,Research,"Official City of Miami GIS applications/open-data entry point confirmed; parks finder and city GIS data are relevant.",2026-10-06,,,
California,San Jose,1000000,https://geo.sanjoseca.gov/server/rest/services/POL/POL_CrimeAnalysisPublicLayers/MapServer/4,ArcGIS,Research,"Official San Jose GIS Parks layer confirmed; despite legacy service name, layer description covers parks/trail land and is relevant.",2026-10-06,,,
Utah,Salt Lake City,205000,https://gis-slcgov.opendata.arcgis.com/,ArcGIS,Research,"Official Salt Lake City ArcGIS Hub confirmed; park dataset and trail/pathway sources identified.",2026-10-06,,,
Virginia,Norfolk,240000,https://gisshare.norfolk.gov/pubserver/rest/services/OpenData/RPOS/FeatureServer/1,ArcGIS,Research,"Official Norfolk GIS Parks layer confirmed with public query/GeoJSON support.",2026-10-06,,,
Nebraska,Omaha,490000,https://data-outdoornebraska.opendata.arcgis.com/,ArcGIS,Research,"Official Nebraska Game and Parks open-data hub; statewide parks and recreational trails are an extra regional source.",2026-10-06,,,
Colorado,Boulder,105000,https://open-data.bouldercolorado.gov/,ArcGIS,Research,"Official City of Boulder Open Data Hub confirmed; prioritize Open Space and Mountain Parks layers.",2026-10-06,,,
Indiana,Indianapolis,880000,https://data.indy.gov/,Socrata,Research,"Official Open Indy portal confirmed; recreation parks, greenways, trails, and transportation categories are relevant.",2026-10-06,,,
Kentucky,Lexington,325000,https://data.lexingtonky.gov/,Socrata,Research,"Official Lexington Data Hub confirmed; pair with city trail and parks pages.",2026-10-06,,,
Arizona,Tucson,550000,https://gisdata.tucsonaz.gov/,ArcGIS,Research,"Official Tucson Open Data platform confirmed; parks and recreation GIS is a priority.",2026-10-06,,,
California,San Diego,1400000,https://data.sandiego.gov/datasets/,Other,Research,"Official City of San Diego Open Data catalogue confirmed; park/open-space dataset is directly relevant.",2026-10-06,,,
North Carolina,Raleigh,470000,https://data.raleighnc.gov/,ArcGIS,Research,"Official Open Data Raleigh catalogue confirmed; parks and recreation category and greenway layers are relevant.",2026-10-06,,,
Pennsylvania,Philadelphia,1600000,https://opendataphilly.org/,Other,Research,"Official OpenDataPhilly repository confirmed; existing trails and parks datasets are relevant.",2026-10-06,,,
Tennessee,Memphis,630000,https://data.memphistn.gov/,ArcGIS,Research,"Official Memphis Data Hub confirmed; inspect transportation, parks, greenways, and cultural assets.",2026-10-06,,,
Texas,Corpus Christi,320000,https://gis-corpus.opendata.arcgis.com/,ArcGIS,Research,"Official Corpus Christi ArcGIS Hub confirmed; parks and coastal/waterfront layers are relevant.",2026-10-06,,,
Arizona,Phoenix,1650000,https://maps.phoenix.gov/pub/rest/services/Public/ParksOpenData/MapServer,ArcGIS,Research,"Official Phoenix Parks Open Data service; WalkPHX trailheads and walking trails are direct targets.",2026-10-06,,,
New York,Rochester,210000,https://maps.cityofrochester.gov/server/rest/services/Open_Data/Parks_Open_Data/FeatureServer,ArcGIS,Research,"Official Rochester Parks Open Data service confirmed; direct parks/playgrounds layer.",2026-10-06,,,
New Mexico,Albuquerque,560000,https://www.cabq.gov/abq-data,Other,Research,"Official ABQ Data landing page confirmed; Open Trails, parks, open space, and public-art targets identified, API behavior not yet validated.",2026-10-06,,,
Michigan,Ann Arbor,120000,https://data.a2gov.org/,Other,Research,"Official City of Ann Arbor Open Data Portal confirmed; walking-relevant sidewalk and champion-tree resources identified, API behavior not yet validated.",2026-10-06,,,
Alaska,Anchorage,290000,https://moa-muniorg.hub.arcgis.com,ArcGIS,Working,Updated Hub,2025-03,
Arizona,Mesa,510000,https://data.mesaaz.gov,Socrata,Working,,2024-05,
Arizona,Tempe,190000,https://data.tempe.gov,ArcGIS,Working,ArcGIS Hub catalog verified; added 2026-08-25,2026-08-25,
Arizona,Sedona,10000,https://www.sedonaaz.gov/gis,Other,Manual only,Official GIS landing page and map-viewer entry point; retained as the discovery reference,2026-08-26,,,
Arizona,Sedona,10000,https://gis.sedonaaz.gov/server/rest/services/GISVIEWERMAPS/SEDONA_PUBLIC_GIS_VIEWER6/MapServer/7,ArcGIS,Working,Official current citywide Trails & Pathways layer; excludes bike-only and under-construction records,2026-08-26,,"TYPE NOT IN ('BIKE LANE','BIKE ROUTE','UNDERCONSTRUCTION') AND (DESCRIPTION IS NULL OR DESCRIPTION NOT IN ('BIKES ONLY','BIKES; NO PEDESTRIANS; NO EQUESTRAIN'))",34.80|-111.86|34.93|-111.70
Arizona,Sedona,10000,https://gis.sedonaaz.gov/server/rest/services/GISVIEWERMAPS/SEDONA_PUBLIC_GIS_VIEWER6/MapServer/69,ArcGIS,Working,Official current trailheads layer,2026-08-26,,1=1,34.80|-111.86|34.93|-111.70
Arizona,Sedona,10000,https://gis.sedonaaz.gov/server/rest/services/GISVIEWERMAPS/SEDONA_PUBLIC_GIS_VIEWER6/MapServer/331,ArcGIS,Working,Official City Parks polygon layer,2026-08-26,,1=1,34.80|-111.86|34.93|-111.70
Arizona,Sedona,10000,https://apps.fs.usda.gov/arcx/rest/services/EDW/EDW_TrailNFSPublishWithDataStatus_01/MapServer/0,ArcGIS,Working,Official USDA Forest Service trail layer spatially clipped to Sedona,2026-08-26,,trail_name IS NOT NULL,34.80|-111.86|34.93|-111.70
California,Los Angeles,3900000,https://data.lacity.org,Socrata,Working,,2024-05,
California,San Francisco,870000,https://data.sfgov.org,Socrata,Working,,2024-05,
California,Sacramento,525000,https://data.cityofsacramento.org,ArcGIS,Working,ArcGIS Hub catalog verified; migrated from Socrata label,2026-08-25,
California,Oakland,440000,https://data.oaklandca.gov,Socrata,Working,,2024-05,
Colorado,Denver,715000,https://opendata-geospatialdenver.hub.arcgis.com,ArcGIS,Working,,2024-05,
Colorado,Colorado Springs,480000,https://data.coloradosprings.gov,Socrata,Working,,2024-05,
Colorado,Keystone,1500,https://trails.colorado.gov/,Other,Manual only,Official COTREX discovery portal; exact CPW ArcGIS layers below are crawler inputs,2026-08-26,,,
Colorado,Keystone,1500,https://services5.arcgis.com/ttNGmDvKQA7oeDQ3/arcgis/rest/services/CPWAdminData/FeatureServer/15,ArcGIS,Working,Current official COTREX trails; hiking enabled and Keystone Resort-managed segments excluded,2026-08-26,,hiking = 'yes' AND manager <> 'Keystone Resort',39.53|-106.10|39.72|-105.82
Colorado,Keystone,1500,https://services5.arcgis.com/ttNGmDvKQA7oeDQ3/arcgis/rest/services/CPWAdminData/FeatureServer/14,ArcGIS,Working,Current official COTREX trailheads; fee=yes trailheads excluded,2026-08-26,,fee IS NULL OR fee <> 'yes',39.53|-106.10|39.72|-105.82
Colorado,Keystone,1500,https://apps.fs.usda.gov/arcx/rest/services/EDW/EDW_TrailNFSPublishWithDataStatus_01/MapServer/0,ArcGIS,Working,Official USDA Forest Service trail layer spatially clipped to Keystone and Summit County,2026-08-26,,trail_name IS NOT NULL,39.53|-106.10|39.72|-105.82
Colorado,Keystone,1500,https://overpass-api.de/api/interpreter,Other,Manual only,OpenStreetMap fallback is acquired by the production osm_overpass adapter rather than this municipal scraper,2026-08-26,,,
Connecticut,Hartford,120000,https://data.hartford.gov,ArcGIS,Working,ArcGIS Hub catalog verified; migrated from Socrata label,2026-08-25,
District of Columbia,Washington,690000,https://opendata.dc.gov,ArcGIS,Working,ArcGIS Hub catalog verified; migrated from Socrata label,2026-08-25,
Florida,Miami,450000,https://datahub-miamigis.opendata.arcgis.com,ArcGIS,Working,,2024-05,
Florida,Tampa,380000,https://city-tampa.opendata.arcgis.com,ArcGIS,Working,,2024-05,
Florida,Orlando,310000,https://data.cityoforlando.net,Socrata,Working,,2024-05,
Hawaii,Honolulu,350000,https://data.honolulu.gov,Socrata,Working,,2024-05,
Idaho,Boise,237000,https://opendata.cityofboise.org/,ArcGIS,Manual only,Official City of Boise ArcGIS Hub retained for discovery; exact walking layers below are the repeatable crawler inputs,2026-08-26,,,
Idaho,Boise,237000,https://services1.arcgis.com/WHM6qC35aMtyAAlN/arcgis/rest/services/Boise_Parks_Managed_Property_Open_Data/FeatureServer/0,ArcGIS,Working,Official managed parks reserves and open space; free open properties only and road rights-of-way excluded,2026-08-26,,"Park_Status IN ('Open','Open_Restricted') AND Park_Type <> 'ROW'",43.48|-116.40|43.70|-116.10
Idaho,Boise,237000,https://services1.arcgis.com/WHM6qC35aMtyAAlN/arcgis/rest/services/Boise_Parks_Facilities_Open_Data/FeatureServer/0,ArcGIS,Working,Official free public recreation facilities including trailheads nature centers and community facilities,2026-08-26,,"FacilityStatus = 'Open' AND FacilType IN ('Trailhead','Nature Center','Education Center','Recreation/Community - medium','Skateboard','Frisbee/Disc Golf','Off-leash Dog area','Memorial')",43.48|-116.40|43.70|-116.10
Idaho,Boise,237000,https://services1.arcgis.com/WHM6qC35aMtyAAlN/arcgis/rest/services/Boise_Parks_Trails_Open_Data/FeatureServer/0,ArcGIS,Working,Official Greenbelt urban and Ridge to Rivers trail inventory; bike-only motorized and proposed records excluded,2026-08-26,,"(TrailStatus IS NULL OR TrailStatus = 'Open') AND (R2R_Use IS NULL OR R2R_Use IN ('Multi-use non-motorized','Pedestrian Only'))",43.48|-116.40|43.70|-116.10
Idaho,Boise,237000,https://services1.arcgis.com/WHM6qC35aMtyAAlN/arcgis/rest/services/Pathways_Master_Plan/FeatureServer/0,ArcGIS,Working,Official Pathways Master Plan layer restricted to existing pathways for safe published walking data,2026-08-26,,Status = 'Existing',43.48|-116.40|43.70|-116.10
Idaho,Boise,237000,https://services1.arcgis.com/WHM6qC35aMtyAAlN/arcgis/rest/services/GreenbeltDOTSMileMarkers/FeatureServer/0,ArcGIS,Working,Official Boise River Greenbelt milepost markers,2026-08-26,,1=1,43.48|-116.40|43.70|-116.10
Illinois,Chicago,2700000,https://data.cityofchicago.org,Socrata,Working,,2024-05,
Kentucky,Louisville,630000,https://data.louisvilleky.gov,ArcGIS,Working,ArcGIS Hub catalog verified; migrated from Socrata label,2026-08-25,
Louisiana,New Orleans,380000,https://data.nola.gov,Socrata,Working,,2024-05,
Maryland,Baltimore,580000,https://data.baltimorecity.gov,ArcGIS,Working,ArcGIS Hub catalog verified; migrated from Socrata label,2026-08-25,
Massachusetts,Cambridge,120000,https://data.cambridgema.gov,Socrata,Working,Socrata catalog verified; added 2026-08-25,2026-08-25,
Michigan,Detroit,630000,https://data.detroitmi.gov,ArcGIS,Working,ArcGIS Hub catalog verified; migrated from Socrata label,2026-08-25,
Minnesota,Minneapolis,430000,https://opendata.minneapolismn.gov,ArcGIS,Working,ArcGIS Hub catalog verified; migrated from Socrata label,2026-08-25,
Minnesota,Saint Paul,310000,https://information.stpaul.gov,ArcGIS,Working,ArcGIS Hub catalog verified; migrated from Socrata label,2026-08-25,
Missouri,Kansas City,510000,https://data.kcmo.org,Socrata,Working,,2024-05,
New York,New York City,8300000,https://data.cityofnewyork.us,Socrata,Working,Corrected legacy portal URL; verified API catalog,2026-08-25,
New York,Buffalo,275000,https://data.buffalony.gov,Socrata,Working,,2024-05,
North Carolina,Charlotte,880000,https://data.charlottenc.gov,ArcGIS,Working,ArcGIS Hub catalog verified; migrated from Socrata label,2026-08-25,
North Carolina,Durham,295000,https://webgis2.durhamnc.gov/portal,ArcGIS,Working,ArcGIS Enterprise Portal API verified; added 2026-08-25,2026-08-25,
North Carolina,Raleigh,470000,https://data-ral.opendata.arcgis.com,ArcGIS,Working,,2024-05,
Ohio,Columbus,900000,https://data-columbus.opendata.arcgis.com,ArcGIS,Working,,2024-05,
Ohio,Cleveland,370000,https://data.clevelandohio.gov,ArcGIS,Working,ArcGIS Hub catalog verified; migrated from Socrata label,2026-08-25,
Ohio,Cincinnati,310000,https://data.cincinnati-oh.gov,Socrata,Working,,2024-05,
Oregon,Portland,650000,https://gis-pdx.opendata.arcgis.com,ArcGIS,Working,,2024-05,
Pennsylvania,Pittsburgh,300000,https://pghgishub-pittsburghpa.opendata.arcgis.com,ArcGIS,Working,,2024-05,
Tennessee,Nashville,680000,https://data.nashville.gov,ArcGIS,Working,ArcGIS Hub catalog verified; migrated from Socrata label,2026-08-25,
Texas,Houston,2300000,https://data.houstontx.gov,Socrata,Working,,2024-05,
Texas,Dallas,1300000,https://www.dallasopendata.com,Socrata,Working,,2024-05,
Texas,Austin,980000,https://data.austintexas.gov,Socrata,Working,,2024-05,
Texas,Corpus Christi,320000,https://gis-cc.opendata.arcgis.com,ArcGIS,Working,ArcGIS Hub catalog verified; added 2026-08-25,2026-08-25,
Texas,San Antonio,1450000,https://data.sanantonio.gov,Socrata,Working,,2024-05,
Texas,Fort Worth,920000,https://data.fortworthtexas.gov,ArcGIS,Working,ArcGIS Hub catalog verified; migrated from Socrata label,2026-08-25,
Texas,College Station,123000,https://data.cstx.gov,Socrata,Working,Socrata API verified; corrected platform from supplied ArcGIS label,2026-08-25,
Virginia,Alexandria,160000,https://geoportal.alexandriava.gov/portal,ArcGIS,Working,ArcGIS Enterprise Portal API verified; added 2026-08-25,2026-08-25,
Virginia,Arlington County,240000,https://arlgis.arlingtonva.us/portal,ArcGIS,Working,Official ArcGIS Enterprise portal verified; includes parks trees ADA ramps and walking network,2026-08-25,
Virginia,Fairfax County,1150000,https://www.fairfaxcounty.gov/maps/gis-data,ArcGIS,Research,Official GIS open-data landing page; OpenData_A1 exposes county/non-county trails and parks plus historic zoning overlays,2026-10-06,
Maryland,Prince George's County,950000,https://gisdata.pgplanning.org/opendata/,Other,Research,Official GIS open-data portal; park trails parks dog parks picnic areas National Register and cultural-feature downloads,2026-10-06,
Virginia,Richmond,230000,https://data.richmondgov.com,Socrata,Working,,2024-05,
Washington,Seattle,750000,https://data.seattle.gov,Socrata,Working,,2024-05,
Washington,Spokane,230000,https://data-spokane.opendata.arcgis.com,ArcGIS,Working,ArcGIS Hub catalog verified; added 2026-08-25,2026-08-25,
